{"static": 320.6507934331894, "tabular": 76.37175989151001, "dqn": 18.18048141002655}