{"static": 323.6915853023529, "tabular": 293.88142251968384, "dqn": 22.26016178369522}